Angelina,angelina@email.com,Walter,
Walter,walter@email.com,Angelina,
Irena,irena@email.com,Isaac,
Isaac,isaac@email.com,Irena,
Gavin,gavin@email.com, ,
Vince,vince@email.com,Vincent,
Vincent,vincent@email.com,Vince,
Renetta,renetta@email.com,Demetrius,
Demetrius,demetrius@email.com,Renetta,
Belinda,belinda@email.com, ,